Position,Const,Created,Modified,Description,Title,Original Title,URL,Title Type,IMDb_Rating,Runtime (mins),Year,Genres,Num Votes,Release Date,Directors
26,tt0249174,4/28/2024,4/28/2024,,Super Mario Bros. 3,Super Mario Bros. 3,https://www.imdb.com/title/tt0249174/,Video Game,9.2,,1988,"Action, Adventure, Family, Fantasy",6097,7/15/1989,"Shigeru Miyamoto, Takashi Tezuka"
31,tt0221606,4/28/2024,4/28/2024,,Super Mario World,Super Mario World,https://www.imdb.com/title/tt0221606/,Video Game,9.2,,1990,"Action, Adventure, Family, Fantasy",5840,8/23/1991,Takashi Tezuka
67,tt0204657,4/28/2024,4/28/2024,,Super Mario 64,Super Mario 64,https://www.imdb.com/title/tt0204657/,Video Game,9.1,,1996,"Action, Adventure, Comedy, Family, Fantasy",7557,9/29/1996,Shigeru Miyamoto
168,tt0879874,4/28/2024,4/28/2024,,Super Mario Galaxy,Super Mario Galaxy,https://www.imdb.com/title/tt0879874/,Video Game,9.1,,2007,"Action, Adventure, Family, Fantasy, Sci-Fi",6639,11/12/2007,Yoshiaki Koizumi
110,tt0293062,4/28/2024,4/28/2024,,Super Smash Bros. Melee,Dai-Rantô Smash Brothers Deluxe,https://www.imdb.com/title/tt0293062/,Video Game,9,,2001,"Action, Fantasy, Sci-Fi, Sport",3651,12/3/2001,Masahiro Sakurai
186,tt1698007,4/28/2024,4/28/2024,,Super Mario Galaxy 2,Super Mario Galaxy 2,https://www.imdb.com/title/tt1698007/,Video Game,9,,2010,"Action, Adventure, Family, Fantasy, Sci-Fi",3263,5/23/2010,Koichi Hayashida
237,tt6423026,4/28/2024,4/28/2024,,Super Mario Odyssey,Super Mario Odyssey,https://www.imdb.com/title/tt6423026/,Video Game,9,,2017,"Action, Adventure, Family, Fantasy, Sci-Fi",6582,10/27/2017,Kenta Motokura
16,tt0177266,4/28/2024,4/28/2024,,Super Mario Bros.,Super Mario Bros.,https://www.imdb.com/title/tt0177266/,Video Game,8.9,,1985,"Action, Adventure, Fantasy",7585,11/17/1985,Shigeru Miyamoto
44,tt0221603,4/28/2024,4/28/2024,,Super Mario All-Stars,Sûpâ Mario korekushon,https://www.imdb.com/title/tt0221603/,Video Game,8.9,,1993,"Action, Adventure, Family, Fantasy",1276,8/1/1993,
128,tt0419020,4/28/2024,4/28/2024,,Paper Mario: The Thousand-Year Door,Paper Mario RPG,https://www.imdb.com/title/tt0419020/,Video Game,8.9,,2004,"Adventure, Fantasy",1857,10/11/2004,Ryota Kawade
242,tt5370130,4/28/2024,4/28/2024,,Super Smash Bros. Ultimate,Super Smash Bros. Ultimate,https://www.imdb.com/title/tt5370130/,Video Game,8.8,,2018,"Action, Adventure, Fantasy, Sci-Fi, Sport",4789,12/7/2018,Masahiro Sakurai
66,tt0271807,4/28/2024,4/28/2024,,Super Mario RPG: Legend of the Seven Stars,Super Mario RPG,https://www.imdb.com/title/tt0271807/,Video Game,8.7,,1996,"Action, Adventure, Family, Fantasy",1611,5/13/1996,"Chihiro Fujioka, Yoshihiko Maekawa"
54,tt0241385,4/28/2024,4/28/2024,,Donkey Kong Country,Donkey Kong Country,https://www.imdb.com/title/tt0241385/,Video Game,8.6,,1994,"Action, Adventure, Comedy",3473,11/21/1994,Tim Stamper
65,tt0242419,4/28/2024,4/28/2024,,Donkey Kong Country 2: Diddy's Kong Quest,Donkey Kong Country 2: Diddy's Kong Quest,https://www.imdb.com/title/tt0242419/,Video Game,8.6,,1995,"Action, Adventure",2062,12/4/1995,Tim Stamper
73,tt0234202,4/28/2024,4/28/2024,,Mario Kart 64,Mario Kart 64,https://www.imdb.com/title/tt0234202/,Video Game,8.6,,1996,"Action, Family, Fantasy, Sport",3711,2/12/1997,Hideki Konno
111,tt18573802,4/28/2024,4/28/2024,,Super Mario World: Super Mario Advance 2,Super Mario World: Super Mario Advance 2,https://www.imdb.com/title/tt18573802/,Video Game,8.6,,2001,"Action, Adventure, Fantasy",85,2/11/2002,Hiroyuki Kimura
171,tt0928380,4/28/2024,4/28/2024,,Super Smash Bros. Brawl,Dairantô Sumasshu Burazâzu ekkusu,https://www.imdb.com/title/tt0928380/,Video Game,8.6,,2008,"Action, Adventure, Fantasy, Sci-Fi, Sport",5402,3/9/2008,Masahiro Sakurai
234,tt6608826,4/28/2024,4/28/2024,,Mario Kart 8 Deluxe,Mario Kart 8 Deluxe,https://www.imdb.com/title/tt6608826/,Video Game,8.6,,2017,"Action, Fantasy, Sci-Fi, Sport",4091,4/28/2017,Yusuke Shiraiwa
60,tt0222407,4/28/2024,4/28/2024,,Super Mario World 2: Yoshi's Island,Sûpâ Mario: Yosshî Airando,https://www.imdb.com/title/tt0222407/,Video Game,8.5,,1995,"Action, Adventure, Fantasy",2320,10/4/1995,"Shigefumi Hino, Hideki Konno, Toshihiko Nakago, Takashi Tezuka"
100,tt0276388,4/28/2024,4/28/2024,,Paper Mario,Paper Mario,https://www.imdb.com/title/tt0276388/,Video Game,8.5,,2000,"Action, Adventure, Comedy, Fantasy",1424,10/5/2001,Ryota Kawade
118,tt18688458,4/28/2024,4/28/2024,,Super Mario Advance 4: Super Mario Bros. 3,Super Mario Advance 4: Super Mario Bros. 3,https://www.imdb.com/title/tt18688458/,Video Game,8.5,,2003,"Action, Adventure, Fantasy",96,10/21/2003,Hiroyuki Kimura
121,tt0371816,4/28/2024,4/28/2024,,Mario Kart: Double Dash!!,Mario Kart: Double Dash!!,https://www.imdb.com/title/tt0371816/,Video Game,8.5,,2003,"Action, Family, Fantasy, Sport",2278,11/17/2003,"Daiji Imai, Yasuyuki Oyagi"
206,tt2980042,4/28/2024,4/28/2024,,Super Mario 3D World,Super Mario 3D World,https://www.imdb.com/title/tt2980042/,Video Game,8.5,,2013,"Action, Adventure, Family, Fantasy",2958,11/22/2013,Koichi Hayashida
214,tt2975604,4/28/2024,4/28/2024,,Mario Kart 8,Mario Kart 8,https://www.imdb.com/title/tt2975604/,Video Game,8.5,,2014,"Action, Family, Fantasy, Sci-Fi, Sport",2769,5/30/2014,Kosuke Yabuki
251,tt29359426,4/28/2024,4/28/2024,,Super Mario 3D All-Stars,Super Mario 3D All-Stars,https://www.imdb.com/title/tt29359426/,Video Game,8.5,,2020,"Adventure, Fantasy",88,9/18/2020,Shigeru Miyamoto
255,tt13026416,4/28/2024,4/28/2024,,Super Mario 3D World + Bowser's Fury,Super Mario 3D World + Bowser's Fury,https://www.imdb.com/title/tt13026416/,Video Game,8.5,,2021,"Action, Adventure, Fantasy",1073,2/12/2021,
261,tt28144737,4/28/2024,4/28/2024,,Super Mario Bros. Wonder,Super Mario Bros. Wonder,https://www.imdb.com/title/tt28144737/,Video Game,8.5,,2023,"Action, Adventure, Family, Fantasy",1552,10/20/2023,Shiro Mouri
82,tt0201955,4/28/2024,4/28/2024,,Super Smash Bros.,Nintendô ôru sutâ dairantô Sumasshu burazâzu,https://www.imdb.com/title/tt0201955/,Video Game,8.4,,1999,"Action, Fantasy, Sci-Fi",2603,4/26/1999,Masahiro Sakurai
173,tt1225687,4/28/2024,4/28/2024,,Mario Kart Wii,Mario Kart Wii,https://www.imdb.com/title/tt1225687/,Video Game,8.4,,2008,"Action, Family, Fantasy, Sport",5013,4/27/2008,Yasuyuki Oyagi
178,tt2073610,4/28/2024,4/28/2024,,Mario & Luigi: Bowser's Inside Story,Mario & Ruîji RPG 3!!!,https://www.imdb.com/title/tt2073610/,Video Game,8.4,,2009,"Adventure, Comedy, Fantasy",584,9/14/2009,Hiroyuki Kubota
216,tt2974350,4/28/2024,4/28/2024,,Super Smash Bros. for Wii U,Dairantou sumasshu burazâzu for Wii U,https://www.imdb.com/title/tt2974350/,Video Game,8.3,,2014,"Action, Fantasy, Sci-Fi, Sport",2066,11/21/2014,Masahiro Sakurai
233,tt6218580,4/28/2024,4/28/2024,,Mario Sports Superstars,Mario Sports Superstars,https://www.imdb.com/title/tt6218580/,Video Game,8.3,,2017,Sport,88,3/24/2017,"Kenji Fujioka, Mitsuo Kashiwagi, Reiko Kitao, Shintaro Kiyota, Shugo Takahashi, Hidenori Yamauchi, Masamichi Yamazaki, Naohiro Hayashi"
40,tt0221604,4/28/2024,4/28/2024,,Super Mario Kart,Supa Mario Kato,https://www.imdb.com/title/tt0221604/,Video Game,8.2,,1992,"Action, Family, Fantasy, Sport",2624,9/1/1992,"Hideki Konno, Tadashi Sugiyama"
123,tt0395203,4/28/2024,4/28/2024,,Mario & Luigi: Superstar Saga,Mario & Luigi RPG,https://www.imdb.com/title/tt0395203/,Video Game,8.2,,2003,"Action, Adventure, Comedy, Family, Fantasy",477,11/17/2003,Yoshihiko Maekawa
134,tt0438992,4/28/2024,4/28/2024,,Super Mario 64 DS,Super Mario 64 DS,https://www.imdb.com/title/tt0438992/,Video Game,8.2,,2004,"Action, Adventure, Fantasy",1648,11/21/2004,"Shinichi Ikematsu, Shigeru Miyamoto, Motoi Okamoto"
154,tt0818506,4/28/2024,4/28/2024,,New Super Mario Bros.,New Super Mario Bros.,https://www.imdb.com/title/tt0818506/,Video Game,8.2,,2006,"Action, Adventure, Family, Fantasy",3287,5/15/2006,"Shigeyuki Asuke, Motoi Okamoto"
185,tt1493026,4/28/2024,4/28/2024,,New Super Mario Bros. Wii,New Super Mario Bros. Wii,https://www.imdb.com/title/tt1493026/,Video Game,8.2,,2009,"Action, Adventure, Family, Fantasy",3700,11/15/2009,"Shigeyuki Asuke, Takumi Kawagoe"
188,tt1782422,4/28/2024,4/28/2024,,Donkey Kong Country Returns,Donkey Kong Country Returns,https://www.imdb.com/title/tt1782422/,Video Game,8.2,,2010,"Action, Adventure, Fantasy",1188,11/21/2010,Bryan Walker
190,tt2076943,4/28/2024,4/28/2024,,Super Mario 3D Land,Sûpâ Mario 3D rando,https://www.imdb.com/title/tt2076943/,Video Game,8.2,,2011,"Action, Adventure, Family, Fantasy",2330,11/13/2011,Koichi Hayashida
210,tt3001550,4/28/2024,4/28/2024,,Donkey Kong Country: Tropical Freeze,Donkey Kong Country: Tropical Freeze,https://www.imdb.com/title/tt3001550/,Video Game,8.2,,2014,"Action, Adventure, Family",960,2/21/2014,
246,tt9780232,4/28/2024,4/28/2024,,Super Mario Maker 2,Super Mario Maker 2,https://www.imdb.com/title/tt9780232/,Video Game,8.2,,2019,"Action, Adventure, Family, Fantasy",1084,6/28/2019,Yosuke Oshino
249,tt9655882,4/28/2024,4/28/2024,,Luigi's Mansion 3,Luigi's Mansion 3,https://www.imdb.com/title/tt9655882/,Video Game,8.2,,2019,"Adventure, Comedy, Family, Fantasy, Horror",1248,10/31/2019,"Devon Blanchet, Jason Carr, Bryce Holliday"
109,tt0285312,4/28/2024,4/28/2024,,Luigi's Mansion,Ruîji Manshon,https://www.imdb.com/title/tt0285312/,Video Game,8.1,,2001,"Adventure, Family, Fantasy, Horror, Mystery, Sci-Fi",1699,11/18/2001,Hideki Konno
112,tt0298052,4/28/2024,4/28/2024,,Super Mario Sunshine,Super Mario Sunshine,https://www.imdb.com/title/tt0298052/,Video Game,8.1,,2002,"Action, Adventure, Crime, Family, Fantasy",3527,8/26/2002,"Yoshiaki Koizumi, Kenta Usui"
113,tt0364132,4/28/2024,4/28/2024,,Yoshi's Island: Super Mario Advance 3,Yoshi's Island: Super Mario Advance 3,https://www.imdb.com/title/tt0364132/,Video Game,8.1,,2002,"Action, Adventure, Fantasy",249,9/23/2002,Hiroyuki Kimura
131,tt0481575,4/28/2024,4/28/2024,,WarioWare: Twisted!,Mawaru meido in Wario,https://www.imdb.com/title/tt0481575/,Video Game,8.1,,2004,"Action, Comedy, Family, Fantasy",78,5/23/2005,"Teruyuki Hirosawa, Osamu Yamauchi, Goro Abe"
262,tt28144838,4/28/2024,4/28/2024,,Super Mario RPG,Super Mario RPG,https://www.imdb.com/title/tt28144838/,Video Game,8.1,,2023,"Action, Adventure, Family, Fantasy",255,11/17/2023,
41,tt0221605,4/28/2024,4/28/2024,,Super Mario Land 2: 6 Golden Coins,Sûpâ Mario rando 2: 6tsu no kinka,https://www.imdb.com/title/tt0221605/,Video Game,8,,1992,"Action, Adventure, Family, Fantasy, Sci-Fi",946,11/1/1992,"Takehiko Hosokawa, Hiroji Kiyotake"
68,tt0301931,4/28/2024,4/28/2024,,Tetris Attack,Tetris Attack,https://www.imdb.com/title/tt0301931/,Video Game,8,,1996,"Action, Family",102,1996-08,"Hitoshi Yamagami, Toshitaka Muramatsu, Masao Yamamoto"
72,tt0242420,4/28/2024,4/28/2024,,Donkey Kong Country 3: Dixie Kong's Double Trouble!,Donkey Kong Country 3: Dixie Kong's Double Trouble!,https://www.imdb.com/title/tt0242420/,Video Game,8,,1996,"Action, Adventure",1311,11/18/1996,Tim Stamper
85,tt0233601,4/28/2024,4/28/2024,,Donkey Kong 64,Donkey Kong 64,https://www.imdb.com/title/tt0233601/,Video Game,8,,1999,"Action, Adventure, Comedy, Fantasy",1500,11/24/1999,George Andreas
87,tt0279946,4/28/2024,4/28/2024,,Mario Party 2,Mario Party 2,https://www.imdb.com/title/tt0279946/,Video Game,8,,1999,"Adventure, Family, Fantasy",784,1/24/2000,Kenji Kikuchi
150,tt0496536,4/28/2024,4/28/2024,,Mario Kart DS,Mario Kart DS,https://www.imdb.com/title/tt0496536/,Video Game,8,,2005,"Action, Adventure, Family, Fantasy, Sport",2565,11/14/2005,"Yasuyuki Oyagi, Makoto Wada"
193,tt2080342,4/28/2024,4/28/2024,,Mario Kart 7,Mario Kart 7,https://www.imdb.com/title/tt2080342/,Video Game,8,,2011,"Action, Family, Fantasy, Sport",2423,12/4/2011,Kosuke Yabuki
223,tt3794246,4/28/2024,4/28/2024,,Super Mario Maker,Super Mario Maker,https://www.imdb.com/title/tt3794246/,Video Game,8,,2015,"Action, Adventure, Family, Fantasy",1158,9/11/2015,"Yosuke Oshino, Yoshikazu Yamashita"
269,tt32441214,6/22/2024,6/22/2024,,Super Mario Party Jamboree,Super Mario Party Jamboree,https://www.imdb.com/title/tt32441214/,Video Game,8,,2024,"Action, Adventure, Family",150,10/17/2024,Takeru Sugimoto
107,tt0309062,4/28/2024,4/28/2024,,Wario Land 4,Wario Land 4,https://www.imdb.com/title/tt0309062/,Video Game,7.9,,2001,"Action, Adventure, Comedy, Family, Fantasy",292,11/19/2001,Hirofumi Matsuoka
174,tt1250844,4/28/2024,4/28/2024,,Mario Super Sluggers,Super Mario Stadium: Family Baseball,https://www.imdb.com/title/tt1250844/,Video Game,7.9,,2008,"Action, Family, Fantasy, Sport",279,8/25/2008,Hideki Tomida
213,tt2965774,4/28/2024,4/28/2024,,Mario Golf: World Tour,Mario Golf: World Tour,https://www.imdb.com/title/tt2965774/,Video Game,7.9,,2014,Sport,168,5/2/2014,Shugo Takahashi
215,tt3408266,4/28/2024,4/28/2024,,Super Smash Bros. for Nintendo 3DS,Dairantou sumasshu burazâzu for Nintendo 3DS,https://www.imdb.com/title/tt3408266/,Video Game,7.9,,2014,"Action, Fantasy, Sci-Fi, Sport",1228,10/3/2014,Masahiro Sakurai
236,tt7445770,4/28/2024,4/28/2024,,Mario & Luigi: Superstar Saga + Bowser's Minions,Mario & Ruîji RPG1 DX,https://www.imdb.com/title/tt7445770/,Video Game,7.9,,2017,Action,97,10/6/2017,Shunsuke Kobayashi
266,tt29143535,4/28/2024,4/28/2024,,Paper Mario: The Thousand-Year Door,Paper Mario: The Thousand-Year Door,https://www.imdb.com/title/tt29143535/,Video Game,7.9,,2024,"Action, Adventure, Comedy, Fantasy",697,5/23/2024,
76,tt0229339,4/28/2024,4/28/2024,,Diddy Kong Racing,Diddy Kong Racing,https://www.imdb.com/title/tt0229339/,Video Game,7.8,,1997,"Action, Adventure, Fantasy",958,11/24/1997,Lee Schuneman
81,tt0279945,4/28/2024,4/28/2024,,Mario Party,Mario Party,https://www.imdb.com/title/tt0279945/,Video Game,7.8,,1998,"Adventure, Family, Fantasy",979,2/8/1999,Kenji Kikuchi
83,tt19729988,4/28/2024,4/28/2024,,Super Mario Bros. Deluxe,Super Mario Bros. Deluxe,https://www.imdb.com/title/tt19729988/,Video Game,7.8,,1999,"Action, Adventure, Family, Fantasy",42,5/1/1999,Toshiaki Suzuki
116,tt0370913,4/28/2024,4/28/2024,,"WarioWare, Inc.: Mega Microgame$!",Meido in Wario,https://www.imdb.com/title/tt0370913/,Video Game,7.8,,2003,"Comedy, Sci-Fi",227,5/26/2003,Hirofumi Matsuoka
152,tt0484859,4/28/2024,4/28/2024,,Mario & Luigi: Partners in Time,Mario & Luigi RPG 2×2,https://www.imdb.com/title/tt0484859/,Video Game,7.8,,2005,"Adventure, Comedy, Family, Fantasy, Sci-Fi",382,11/28/2005,
159,tt1223884,4/28/2024,4/28/2024,,WarioWare: Smooth Moves,Odoru meido in Wario,https://www.imdb.com/title/tt1223884/,Video Game,7.8,,2006,"Action, Comedy, Family",252,1/15/2007,"Taku Sugioka, Goro Abe"
162,tt1110280,4/28/2024,4/28/2024,,Super Paper Mario,Super Paper Mario,https://www.imdb.com/title/tt1110280/,Video Game,7.8,,2007,"Action, Adventure, Family, Fantasy",705,4/9/2007,Ryota Kawade
199,tt2084878,4/28/2024,4/28/2024,,Luigi's Mansion: Dark Moon,Luigi's Mansion: Dark Moon,https://www.imdb.com/title/tt2084878/,Video Game,7.8,,2013,"Action, Adventure, Fantasy, Horror",1039,3/24/2013,Bryce Holliday
232,tt6484700,4/28/2024,4/28/2024,,Poochy & Yoshi's Woolly World,Poochy & Yoshi's Woolly World,https://www.imdb.com/title/tt6484700/,Video Game,7.8,,2017,Adventure,65,2/3/2017,Kazumasa Yonetani
240,tt8598494,4/28/2024,4/28/2024,,WarioWare Gold,WarioWare Gold,https://www.imdb.com/title/tt8598494/,Video Game,7.8,,2018,"Action, Comedy, Family",105,8/3/2018,"Yoichi Tada, Goro Abe"
244,tt9630194,4/28/2024,4/28/2024,,New Super Mario Bros. U Deluxe,Nyû Sûpâ Mario Burazâzu Yû Derakkusu,https://www.imdb.com/title/tt9630194/,Video Game,7.8,,2019,"Action, Adventure, Family, Fantasy",1104,1/11/2019,Shiro Mouri
258,tt14883810,4/28/2024,4/28/2024,,Mario Party Superstars,Mario Party Superstars,https://www.imdb.com/title/tt14883810/,Video Game,7.8,,2021,,445,10/29/2021,Takeru Sugimoto
19,tt3487974,5/22/2024,5/22/2024,,Super Mario Bros.,Super Mario Bros.,https://www.imdb.com/title/tt3487974/,Video Game,7.7,,1986,Action,67,1986-06,
79,tt0283677,4/28/2024,4/28/2024,,Wario Land II,Wario rando 2: nusumareta zaihô,https://www.imdb.com/title/tt0283677/,Video Game,7.7,,1998,"Action, Adventure, Comedy, Family, Fantasy",187,1998-03,Takehiko Hosokawa
97,tt0283676,4/28/2024,4/28/2024,,Wario Land 3,Wario Land 3,https://www.imdb.com/title/tt0283676/,Video Game,7.7,,2000,"Action, Adventure, Comedy, Family, Fantasy",220,5/30/2000,Takehiko Hosokawa
99,tt0276320,4/28/2024,4/28/2024,,Mario Tennis,Mario Tennis,https://www.imdb.com/title/tt0276320/,Video Game,7.7,,2000,"Action, Family, Sport",499,8/28/2000,"Haruki Kodera, Atsushi Fujimoto, Yasuhiro Taguchi"
102,tt0279947,4/28/2024,4/28/2024,,Mario Party 3,Mario Party 3,https://www.imdb.com/title/tt0279947/,Video Game,7.7,,2000,"Adventure, Family, Fantasy",627,5/7/2001,Kenji Kikuchi
119,tt0378328,4/28/2024,4/28/2024,,Mario Golf: Toadstool Tour,Mario Golf: Family Tour,https://www.imdb.com/title/tt0378328/,Video Game,7.7,,2003,"Family, Fantasy, Sport",330,7/29/2003,Haruki Kodera
133,tt1278404,4/28/2024,4/28/2024,,Mario Party 6,Mario Party 6,https://www.imdb.com/title/tt1278404/,Video Game,7.7,,2004,"Adventure, Family, Fantasy",386,12/6/2004,Shuichiro Nishiya
151,tt0497448,4/28/2024,4/28/2024,,Super Mario Strikers,Super Mario Strikers,https://www.imdb.com/title/tt0497448/,Video Game,7.7,,2005,"Action, Adventure, Fantasy, Sci-Fi, Sport",371,12/5/2005,Mike Inglehart
198,tt2386454,4/28/2024,4/28/2024,,New Super Mario Bros. U,New Sûpâ Mario burazâzu U,https://www.imdb.com/title/tt2386454/,Video Game,7.7,,2012,"Action, Adventure, Family, Fantasy",1801,11/18/2012,Masataka Takemoto
203,tt2963466,4/28/2024,4/28/2024,,New Super Luigi U,New Super Luigi U,https://www.imdb.com/title/tt2963466/,Video Game,7.7,,2013,"Action, Adventure, Fantasy",1098,6/20/2013,Masataka Takemoto
222,tt2747110,4/28/2024,4/28/2024,,Yoshi's Woolly World,Yoshi's Woolly World,https://www.imdb.com/title/tt2747110/,Video Game,7.7,,2015,"Action, Adventure",283,10/16/2015,Atsushi Kono
270,tt32642277,7/20/2024,7/20/2024,,Mario & Luigi: Brothership,Mario & Luigi: Brothership,https://www.imdb.com/title/tt32642277/,Video Game,7.7,,2024,"Action, Adventure, Comedy, Family, Fantasy",72,11/7/2024,
28,tt0204660,4/28/2024,4/28/2024,,Super Mario Land,Sûpâ Mario Rando,https://www.imdb.com/title/tt0204660/,Video Game,7.6,,1989,"Action, Adventure, Family, Fantasy, Sci-Fi",1377,7/31/1989,Satoru Okada
64,tt0472574,4/28/2024,4/28/2024,,Virtual Boy Wario Land,Virtual Boy Wario Land,https://www.imdb.com/title/tt0472574/,Video Game,7.6,,1995,"Action, Adventure",52,11/27/1995,"Hiroji Kiyotake, Hirofumi Matsuoka"
103,tt0301905,4/28/2024,4/28/2024,,Super Mario Advance,Super Mario Advance,https://www.imdb.com/title/tt0301905/,Video Game,7.6,,2001,"Action, Adventure, Fantasy",314,6/11/2001,
114,tt0354729,4/28/2024,4/28/2024,,Mario Party 4,Mario Party 4,https://www.imdb.com/title/tt0354729/,Video Game,7.6,,2002,"Adventure, Family, Fantasy",605,10/21/2002,Kenji Kikuchi
135,tt0453565,4/28/2024,4/28/2024,,WarioWare: Touched!,Sawaru meido in Wario,https://www.imdb.com/title/tt0453565/,Video Game,7.6,,2004,"Action, Adventure, Comedy, Fantasy",166,2/14/2005,"Goro Abe, Teruyuki Hirosawa, Taku Sugioka, Ryuichi Nakada"
196,tt2305604,4/28/2024,4/28/2024,,New Super Mario Bros. 2,New Super Mario Bros. 2,https://www.imdb.com/title/tt2305604/,Video Game,7.6,,2012,"Action, Adventure, Family, Fantasy",1956,8/19/2012,Yusuke Amano
217,tt3811650,4/28/2024,4/28/2024,,Captain Toad: Treasure Tracker,Susume! Kinopio taichou,https://www.imdb.com/title/tt3811650/,Video Game,7.6,,2014,"Action, Adventure, Family, Fantasy, Mystery",410,12/5/2014,"Shinya Hiratake, Kenta Motokura"
260,tt14866060,4/28/2024,4/28/2024,,Mario + Rabbids: Sparks of Hope,Mario + Rabbids: Sparks of Hope,https://www.imdb.com/title/tt14866060/,Video Game,7.6,,2022,Action,179,10/20/2022,Davide Soliani
48,tt0221693,4/28/2024,4/28/2024,,Wario Land: Super Mario Land 3,Wario Land: Super Mario Land 3,https://www.imdb.com/title/tt0221693/,Video Game,7.5,,1994,"Action, Adventure, Comedy, Fantasy",345,3/13/1994,"Takehiko Hosokawa, Hiroji Kiyotake"
145,tt0483728,4/28/2024,4/28/2024,,Mario Superstar Baseball,Mario Superstar Baseball,https://www.imdb.com/title/tt0483728/,Video Game,7.5,,2005,"Comedy, Family, Fantasy, Sport",255,8/29/2005,Hideki Tomida
149,tt1856719,4/28/2024,4/28/2024,,Mario Party 7,Mario Party 7,https://www.imdb.com/title/tt1856719/,Video Game,7.5,,2005,"Action, Fantasy",403,11/7/2005,Shuichiro Nishiya
179,tt1810850,4/28/2024,4/28/2024,,WarioWare D.I.Y.,Meido in ore,https://www.imdb.com/title/tt1810850/,Video Game,7.5,,2009,Fantasy,59,3/28/2010,"Taku Sugioka, Goro Abe"
192,tt3503316,4/28/2024,4/28/2024,,Fortune Street,Itadaki Street Wii,https://www.imdb.com/title/tt3503316/,Video Game,7.5,,2011,,46,12/5/2011,Taiji Miyajima
204,tt2882136,4/28/2024,4/28/2024,,Mario & Luigi: Dream Team,Mario & Ruîji RPG4: Dorîmu adobenchâ,https://www.imdb.com/title/tt2882136/,Video Game,7.5,,2013,"Adventure, Fantasy",658,8/11/2013,Hiroyuki Kubota
235,tt7009286,4/28/2024,4/28/2024,,Mario + Rabbids Kingdom Battle,Mario + Rabbids Kingdom Battle,https://www.imdb.com/title/tt7009286/,Video Game,7.5,,2017,"Action, Adventure, Comedy, Family, Sci-Fi",609,8/29/2017,"Davide Soliani, Nicolas Vitte, Florian Landouzy"
252,tt12321538,4/28/2024,4/28/2024,,Paper Mario: The Origami King,Paper Mario: The Origami King,https://www.imdb.com/title/tt12321538/,Video Game,7.5,,2020,"Action, Adventure, Comedy, Fantasy",370,7/17/2020,Masahiko Nagaya
17,tt3507582,4/28/2024,4/28/2024,,VS. Super Mario Bros.,VS. Super Mario Bros.,https://www.imdb.com/title/tt3507582/,Video Game,7.4,,1986,"Action, Adventure, Fantasy",47,1986,Shigeru Miyamoto
124,tt0422115,4/28/2024,4/28/2024,,Donkey Konga,Donkey Konga,https://www.imdb.com/title/tt0422115/,Video Game,7.4,,2003,"Family, Music",89,9/27/2004,
132,tt0400636,4/28/2024,4/28/2024,,Mario Power Tennis,Mario Tennis GC,https://www.imdb.com/title/tt0400636/,Video Game,7.4,,2004,"Action, Family, Sport",329,11/8/2004,Haruki Kodera
153,tt9287402,4/28/2024,4/28/2024,,Tetris DS,Tetris DS,https://www.imdb.com/title/tt9287402/,Video Game,7.4,,2006,"Action, Family",34,3/20/2006,Masaki Tawara
163,tt1143906,4/28/2024,4/28/2024,,Mario Strikers Charged,Mario Strikers Charged,https://www.imdb.com/title/tt1143906/,Video Game,7.4,,2007,"Action, Fantasy, Sport",362,7/30/2007,Mike Inglehart
170,tt3498964,4/28/2024,4/28/2024,,Mario Party DS,Mario Party DS,https://www.imdb.com/title/tt3498964/,Video Game,7.4,,2007,"Adventure, Family, Fantasy",628,11/19/2007,Kenji Kikuchi
202,tt2746164,4/28/2024,4/28/2024,,Donkey Kong Country Returns,Donkey Kong Country Returns 3D,https://www.imdb.com/title/tt2746164/,Video Game,7.4,,2013,"Action, Adventure, Fantasy",78,5/24/2013,
208,tt6321926,4/28/2024,4/28/2024,,Ultimate NES Remix,Ultimate NES Remix,https://www.imdb.com/title/tt6321926/,Video Game,7.4,,2014,"Action, Adventure",22,12/5/2014,
243,tt9630228,4/28/2024,4/28/2024,,Mario & Luigi: Bowser's Inside Story + Bowser Jr.'s Journey,Mario & Luigi RPG3 DX,https://www.imdb.com/title/tt9630228/,Video Game,7.4,,2018,"Action, Fantasy",62,1/11/2019,Shunsuke Kobayashi
245,tt7904082,4/28/2024,4/28/2024,,Yoshi's Crafted World,Yoshi's Crafted World,https://www.imdb.com/title/tt7904082/,Video Game,7.4,,2019,"Action, Adventure, Fantasy",282,3/29/2019,Masahiro Yamamoto
263,tt27389239,4/28/2024,4/28/2024,,WarioWare: Move It!,WarioWare: Move It!,https://www.imdb.com/title/tt27389239/,Video Game,7.4,,2023,"Game-Show, Reality-TV",43,11/3/2023,"Goro Abe, Yu Yamanaka"
1,tt0176664,4/28/2024,4/28/2024,,Donkey Kong,Donkey Kong,https://www.imdb.com/title/tt0176664/,Video Game,7.3,,1981,Action,2271,6/2/1981,Shigeru Miyamoto
3,tt0176971,4/28/2024,4/28/2024,,Mario Bros.,Mario Bros.,https://www.imdb.com/title/tt0176971/,Video Game,7.3,,1983,"Action, Fantasy",1538,7/20/1983,Shigeru Miyamoto
18,tt0204658,4/28/2024,4/28/2024,,Super Mario Bros.: The Lost Levels,Super Mario Bros. 2,https://www.imdb.com/title/tt0204658/,Video Game,7.3,,1986,"Action, Adventure, Family, Fantasy",1617,6/3/1986,"Shigeru Miyamoto, Takashi Tezuka"
120,tt0420507,4/28/2024,4/28/2024,,"WarioWare, Inc.: Mega Party Game$!",Atsumare!! Meido in Wario,https://www.imdb.com/title/tt0420507/,Video Game,7.3,,2003,"Comedy, Family, Fantasy",97,4/5/2004,Goro Abe
122,tt0426527,4/28/2024,4/28/2024,,Mario Party 5,Mario Party 5,https://www.imdb.com/title/tt0426527/,Video Game,7.3,,2003,"Adventure, Family, Fantasy",434,11/10/2003,Kenji Kikuchi
189,tt1921013,4/28/2024,4/28/2024,,Mario Sports Mix,Mario Sports Mix,https://www.imdb.com/title/tt1921013/,Video Game,7.3,,2010,"Family, Sport",234,2/7/2011,Shin Azuma
267,tt29143363,4/28/2024,4/28/2024,,Luigi's Mansion 2 HD,Luigi's Mansion 2 HD,https://www.imdb.com/title/tt29143363/,Video Game,7.3,,2024,"Adventure, Fantasy, Horror, Mystery",97,6/27/2024,
46,tt0309840,4/28/2024,4/28/2024,,Mario & Wario,Mario & Wario,https://www.imdb.com/title/tt0309840/,Video Game,7.2,,1993,"Action, Adventure",52,8/27/1993,Satoshi Tajiri
69,tt1340817,4/28/2024,4/28/2024,,Donkey Kong Land 2,Donkey Kong Land 2,https://www.imdb.com/title/tt1340817/,Video Game,7.2,,1996,"Action, Adventure, Fantasy",88,1996-09,
77,tt0300682,4/28/2024,4/28/2024,,Yoshi's Story,Yosshî sutôrî,https://www.imdb.com/title/tt0300682/,Video Game,7.2,,1997,"Adventure, Family, Fantasy",374,3/9/1998,"Hideki Konno, Toshihiko Nakago"
84,tt0292096,4/28/2024,4/28/2024,,Mario Golf,Mario Golf 64,https://www.imdb.com/title/tt0292096/,Video Game,7.2,,1999,"Family, Sport",335,7/26/1999,"Haruki Kodera, Yasuhiro Taguchi"
146,tt1234691,4/28/2024,4/28/2024,,Mario Tennis: Power Tour,Mario Tennis Advance,https://www.imdb.com/title/tt1234691/,Video Game,7.2,,2005,Sport,65,12/5/2005,
147,tt0485991,4/28/2024,4/28/2024,,SSX on Tour,SSX on Tour,https://www.imdb.com/title/tt0485991/,Video Game,7.2,,2005,Sport,200,10/11/2005,
161,tt1756478,4/28/2024,4/28/2024,,Diddy Kong Racing DS,Diddy Kong Racing DS,https://www.imdb.com/title/tt1756478/,Video Game,7.2,,2007,Adventure,55,2/5/2007,Gary Richards
165,tt3495900,4/28/2024,4/28/2024,,Itadaki Street DS,Itadaki Street DS,https://www.imdb.com/title/tt3495900/,Video Game,7.2,,2007,,6,6/21/2007,
241,tt8589722,4/28/2024,4/28/2024,,Super Mario Party,Super Mario Party,https://www.imdb.com/title/tt8589722/,Video Game,7.2,,2018,"Action, Adventure, Family",904,10/5/2018,Shuichiro Nishiya
30,tt0204291,4/28/2024,4/28/2024,,Dr. Mario,Dr. Mario,https://www.imdb.com/title/tt0204291/,Video Game,7.1,,1990,Family,1112,10/19/1990,"Takahiro Harada, Hitoshi Yamagami"
106,tt0300181,4/28/2024,4/28/2024,,Mario Kart: Super Circuit,Mario Kart: Super Circuit,https://www.imdb.com/title/tt0300181/,Video Game,7.1,,2001,"Action, Family, Sport",635,8/11/2001,"Takeshi Ando, Yukio Morimoto"
125,tt0469125,4/28/2024,4/28/2024,,Mario Golf: Advance Tour,Mario gorufu: GBA tsuâ,https://www.imdb.com/title/tt0469125/,Video Game,7.1,,2004,Adventure,53,6/22/2004,Yasuhiro Taguchi
156,tt3389670,4/28/2024,4/28/2024,,Mario vs. Donkey Kong 2: March of the Minis,Mario vs. Donkey Kong 2: March of the Minis,https://www.imdb.com/title/tt3389670/,Video Game,7.1,,2006,"Action, Comedy, Family",68,9/25/2006,Yukimi Shimura
175,tt1462902,4/28/2024,4/28/2024,,Wario Land: Shake It!,Wario rando sheiku,https://www.imdb.com/title/tt1462902/,Video Game,7.1,,2008,"Action, Adventure, Comedy, Family, Fantasy",126,9/22/2008,Madoka Yamauchi
211,tt3089966,4/28/2024,4/28/2024,,Yoshi's New Island,Yoshi's New Island,https://www.imdb.com/title/tt3089966/,Video Game,7.1,,2014,"Adventure, Fantasy",872,3/14/2014,Masahide Kobayashi
225,tt5289322,4/28/2024,4/28/2024,,Mario & Luigi: Paper Jam,Mario & Luigi: Paper Jam,https://www.imdb.com/title/tt5289322/,Video Game,7.1,,2015,Action,140,1/22/2016,Shunsuke Kobayashi
230,tt6484760,4/28/2024,4/28/2024,,Super Mario Maker for Nintendo 3DS,Super Mario Maker for Nintendo 3DS,https://www.imdb.com/title/tt6484760/,Video Game,7.1,,2016,"Action, Adventure, Family, Fantasy",96,12/2/2016,"Yosuke Oshino, Yoshikazu Yamashita"
239,tt7875960,4/28/2024,4/28/2024,,Mario Tennis Aces,Mario Tennis Aces,https://www.imdb.com/title/tt7875960/,Video Game,7.1,,2018,"Action, Sport",410,6/22/2018,"Shugo Takahashi, Tomohiro Yamamura"
254,tt13488368,4/28/2024,4/28/2024,,Game and Watch: Super Mario Bros.,Game and Watch: Super Mario Bros.,https://www.imdb.com/title/tt13488368/,Video Game,7.1,,2020,"Action, Adventure, Family, Fantasy",30,11/13/2020,
39,tt0288617,4/28/2024,4/28/2024,,Mario Paint,Mario Paint,https://www.imdb.com/title/tt0288617/,Video Game,7,,1992,"Comedy, Family",182,8/1/1992,Hirofumi Matsuoka
115,tt3416234,4/28/2024,4/28/2024,,Nintendo Puzzle Collection,Nintendo Puzzle Collection,https://www.imdb.com/title/tt3416234/,Video Game,7,,2003,"Family, Fantasy",11,2/7/2003,"Yasuhiro Minamimoto, Azusa Tajima"
126,tt0412971,4/28/2024,4/28/2024,,Mario vs. Donkey Kong,Mario vs. Donkey Kong,https://www.imdb.com/title/tt0412971/,Video Game,7,,2004,"Action, Adventure, Family",151,5/24/2004,Yukimi Shimura
137,tt3395260,4/28/2024,4/28/2024,,Donkey Kong Jungle Beat,Donkey Kong Jungle Beat,https://www.imdb.com/title/tt3395260/,Video Game,7,,2004,"Action, Adventure, Comedy",128,3/14/2005,Yoshiaki Koizumi
141,tt2174684,4/28/2024,4/28/2024,,NBA Street V3,NBA Street V3,https://www.imdb.com/title/tt2174684/,Video Game,7,,2005,Sport,58,2/8/2005,
257,tt14863320,4/28/2024,4/28/2024,,WarioWare: Get It Together!,WarioWare: Get It Together!,https://www.imdb.com/title/tt14863320/,Video Game,7,,2021,,155,9/10/2021,"Yu Yamanaka, Goro Abe"
75,tt1340818,4/28/2024,4/28/2024,,Donkey Kong Land III,Donkey Kong Land III,https://www.imdb.com/title/tt1340818/,Video Game,6.9,,1997,"Action, Adventure, Fantasy",73,10/1/1997,
104,tt0281822,4/28/2024,4/28/2024,,Dr. Mario 64,Dr. Mario 64,https://www.imdb.com/title/tt0281822/,Video Game,6.9,,2001,"Family, Fantasy",101,4/9/2001,"Yoshiyuki Kato, Hitoshi Yamagami"
148,tt0892798,4/28/2024,4/28/2024,,Super Princess Peach,Super Princess Peach,https://www.imdb.com/title/tt0892798/,Video Game,6.9,,2005,"Action, Adventure, Family, Fantasy",145,2/27/2006,"Akio Imai, Azusa Tajima"
155,tt3501272,4/28/2024,4/28/2024,,Mario Hoops 3-on-3,Mario basuke 3on3,https://www.imdb.com/title/tt3501272/,Video Game,6.9,,2006,"Action, Family, Fantasy, Sport",84,9/11/2006,Shin Azuma
157,tt1773840,4/28/2024,4/28/2024,,Yoshi's Island DS,Yoshi's Island DS,https://www.imdb.com/title/tt1773840/,Video Game,6.9,,2006,Adventure,212,11/13/2006,Hidetoshi Takeshita
164,tt1287342,4/28/2024,4/28/2024,,Mario Party 8,Mario Party 8,https://www.imdb.com/title/tt1287342/,Video Game,6.9,,2007,"Adventure, Family, Fantasy",957,5/29/2007,"Kenji Kikuchi, Shuichiro Nishiya"
166,tt9255886,4/28/2024,4/28/2024,,Donkey Kong Barrel Blast,Donkey Kong Barrel Blast,https://www.imdb.com/title/tt9255886/,Video Game,6.9,,2007,Sport,39,10/8/2007,Kenichi Imaeda
187,tt2028518,4/28/2024,4/28/2024,,Mario vs. Donkey Kong: Mini-Land Mayhem!,Mario vs. Donkey Kong: Mini-Land Mayhem!,https://www.imdb.com/title/tt2028518/,Video Game,6.9,,2010,,67,11/14/2010,Yukimi Shimura
195,tt2116913,4/28/2024,4/28/2024,,Mario Tennis Open,Mario Tennis Open,https://www.imdb.com/title/tt2116913/,Video Game,6.9,,2012,Sport,180,5/20/2012,Shugo Takahashi
229,tt6008962,4/28/2024,4/28/2024,,Mario Party: Star Rush,Mario Party: Star Rush,https://www.imdb.com/title/tt6008962/,Video Game,6.9,,2016,"Action, Sport",166,11/4/2016,Shuichiro Nishiya
264,tt27217793,4/28/2024,4/28/2024,,Mario vs. Donkey Kong,Mario vs. Donkey Kong,https://www.imdb.com/title/tt27217793/,Video Game,6.9,,2024,"Adventure, Family",88,2/16/2024,Vivek Melwani
58,tt1340816,4/28/2024,4/28/2024,,Donkey Kong Land,Donkey Kong Land,https://www.imdb.com/title/tt1340816/,Video Game,6.8,,1995,"Action, Adventure, Fantasy",110,1995-06,
117,tt0324498,4/28/2024,4/28/2024,,Wario World,Wario World,https://www.imdb.com/title/tt0324498/,Video Game,6.8,,2003,"Action, Adventure, Family, Fantasy",170,6/24/2003,"Kôichi Kimura, Hitoshi Yamagami"
130,tt3449668,4/28/2024,4/28/2024,,Super Mario Fushigi No Korokoro Party,Super Mario Fushigi No Korokoro Party,https://www.imdb.com/title/tt3449668/,Video Game,6.8,,2004,"Family, Fantasy",8,2004-09,
167,tt3477952,4/28/2024,4/28/2024,,DK: Jungle Climber,DK: Jungle Climber,https://www.imdb.com/title/tt3477952/,Video Game,6.8,,2007,"Action, Adventure, Family",39,9/10/2007,"Atsushi Kaneko, Masataka Sato"
191,tt1907720,4/28/2024,4/28/2024,,Mario & Sonic at the London 2012 Olympic Games,Mario & Sonic at the London Olympic Games,https://www.imdb.com/title/tt1907720/,Video Game,6.8,,2011,"Action, Comedy, Family, Fantasy, Sci-Fi, Sport",312,11/15/2011,"Naohiro Hirao, Eigo Kasahara"
220,tt6304806,4/28/2024,4/28/2024,,Puzzle & Dragons Z + Puzzle & Dragons: Super Mario Bros. Edition,Puzzle & Dragons Z + Puzzle & Dragons: Super Mario Bros. Edition,https://www.imdb.com/title/tt6304806/,Video Game,6.8,,2015,"Adventure, Family, Fantasy",35,5/22/2015,
228,tt5523368,4/28/2024,4/28/2024,,Paper Mario: Color Splash,Paper Mario: Color Splash,https://www.imdb.com/title/tt5523368/,Video Game,6.8,,2016,"Action, Adventure, Family",172,10/7/2016,"Naohiko Aoyama, Taro Kudo"
253,tt13333024,4/28/2024,4/28/2024,,Mario Kart Live: Home Circuit,Mario Kart Live: Home Circuit,https://www.imdb.com/title/tt13333024/,Video Game,6.8,,2020,Family,50,10/16/2020,Dan Doptis
61,tt2228324,4/28/2024,4/28/2024,,Mario no sûpâ pikurosu,Mario no sûpâ pikurosu,https://www.imdb.com/title/tt2228324/,Video Game,6.7,,1995,Adventure,43,9/14/1995,Tsunekazu Ishihara
144,tt2150205,4/28/2024,4/28/2024,,Dance Dance Revolution: Mario Mix,Dance Dance Revolution: Mario Mix,https://www.imdb.com/title/tt2150205/,Video Game,6.7,,2005,"Family, Fantasy, Music",84,10/24/2005,Yukihiro Yamakazi
256,tt14075266,4/28/2024,4/28/2024,,Mario Golf: Super Rush,Mario Golf: Super Rush,https://www.imdb.com/title/tt14075266/,Video Game,6.7,,2021,Sport,176,6/25/2021,"Shugo Takahashi, Tomohiro Yamamura"
2,tt0204287,4/28/2024,4/28/2024,,Donkey Kong Junior,Donkey Kong Jr.,https://www.imdb.com/title/tt0204287/,Video Game,6.6,,1982,"Action, Family",391,9/19/1982,Shigeru Miyamoto
184,tt1772975,4/28/2024,4/28/2024,,Mario & Sonic at the Olympic Winter Games,Mario & Sonikku AT Bankuba Orinpikku,https://www.imdb.com/title/tt1772975/,Video Game,6.6,,2009,"Family, Sport",471,10/13/2009,"Takashi Iizuka, Eigo Kasahara"
194,tt2186949,4/28/2024,4/28/2024,,Mario Party 9,Mario Party 9,https://www.imdb.com/title/tt2186949/,Video Game,6.6,,2012,"Adventure, Family, Fantasy",488,3/11/2012,"Kenji Kikuchi, Shuichiro Nishiya"
265,tt28145243,4/28/2024,4/28/2024,,Princess Peach: Showtime!,Princess Peach: Showtime!,https://www.imdb.com/title/tt28145243/,Video Game,6.6,,2024,"Action, Adventure, Fantasy",623,3/22/2024,Etsunobu Ebisu
57,tt2200602,4/28/2024,4/28/2024,,Mario's Picross,Mario's Picross,https://www.imdb.com/title/tt2200602/,Video Game,6.5,,1995,Adventure,39,3/10/1995,
101,tt3432678,4/28/2024,4/28/2024,,Mario Artist: Polygon Studio,Mario Artist: Polygon Studio,https://www.imdb.com/title/tt3432678/,Video Game,6.5,,2000,Family,13,8/29/2000,Hirofumi Matsuoka
160,tt3501094,4/28/2024,4/28/2024,,Wario: Master of Disguise,Kaitô Wario the Seven,https://www.imdb.com/title/tt3501094/,Video Game,6.5,,2007,"Action, Adventure, Comedy, Family, Fantasy",48,3/5/2007,"Yutaka Hirata, Akira Kinashi, Azusa Tajima"
183,tt3390576,4/28/2024,4/28/2024,,Mario vs. Donkey Kong: Minis March Again!,Mario vs. Donkey Kong: Minis March Again!,https://www.imdb.com/title/tt3390576/,Video Game,6.5,,2009,"Action, Comedy",29,6/8/2009,Yukimi Shimura
96,tt3436080,4/28/2024,4/28/2024,,Mario Artist: Talent Studio,Mario Artist: Talent Studio,https://www.imdb.com/title/tt3436080/,Video Game,6.4,,2000,Family,13,2/23/2000,Hiroyuki Kimura
180,tt10981524,4/28/2024,4/28/2024,,WarioWare: D.I.Y. Showcase,Asobu Meido in Ore,https://www.imdb.com/title/tt10981524/,Video Game,6.4,,2009,,14,3/29/2010,"Taku Sugioka, Goro Abe"
15,tt0185017,4/28/2024,4/28/2024,,Wrecking Crew,Wrecking Crew,https://www.imdb.com/title/tt0185017/,Video Game,6.3,,1984,"Action, Family",112,10/18/1985,
29,tt1242591,4/28/2024,4/28/2024,,Alleyway,Areiuei,https://www.imdb.com/title/tt1242591/,Video Game,6.3,,1989,"Action, Adventure, Family",43,1989-08,
136,tt0486057,4/28/2024,4/28/2024,,Yoshi's Universal Gravitation,Yosshî no banyû inryoku,https://www.imdb.com/title/tt0486057/,Video Game,6.3,,2004,"Adventure, Fantasy",41,6/13/2005,"Hiroto Saiki, Hidetoshi Takeshita"
218,tt4417916,4/28/2024,4/28/2024,,Mario vs. Donkey Kong: Tipping Stars,Mario vs. Donkî kongu: minnna de minirando,https://www.imdb.com/title/tt4417916/,Video Game,6.3,,2015,"Action, Adventure",29,3/5/2015,Stephen Mortimer
250,tt10110326,4/28/2024,4/28/2024,,Mario & Sonic at the Olympic Games: Tokyo 2020,Mario & Sonikku at Tôkyô 2020 orinpikku,https://www.imdb.com/title/tt10110326/,Video Game,6.3,,2019,"Family, Sport",183,11/5/2019,"Naohiro Hirao, Hiroyuki Kubota"
259,tt18184350,4/28/2024,4/28/2024,,Mario Strikers: Battle League,Mario Strikers: Battle League,https://www.imdb.com/title/tt18184350/,Video Game,6.3,,2022,"Action, Fantasy, Sport",162,6/10/2022,Devon Blanchet
12,tt3410580,4/28/2024,4/28/2024,,Punch Ball Mario Bros.,Punch Ball Mario Bros.,https://www.imdb.com/title/tt3410580/,Video Game,6.2,,1984,Action,23,7/10/1984,
169,tt1107264,4/28/2024,4/28/2024,,Mario & Sonic at the Olympic Games,Mario & Sonic at the Olympic Games,https://www.imdb.com/title/tt1107264/,Video Game,6.2,,2007,"Adventure, Family, Fantasy, Sport",621,11/6/2007,Eigo Kasahara
201,tt2758412,4/28/2024,4/28/2024,,Mario and Donkey Kong: Minis on the Move,Mario and Donkey Kong: Minis on the Move,https://www.imdb.com/title/tt2758412/,Video Game,6.2,,2013,Action,31,5/9/2013,
8,tt2318635,4/28/2024,4/28/2024,,Pinball,Pinball,https://www.imdb.com/title/tt2318635/,Video Game,6.1,,1983,,87,10/18/1985,
21,tt3422332,4/28/2024,4/28/2024,,All Night Nippon Super Mario Bros.,All Night Nippon Super Mario Bros.,https://www.imdb.com/title/tt3422332/,Video Game,6.1,,1986,"Action, Adventure, Comedy",21,1986,
50,tt3495808,4/28/2024,4/28/2024,,Wario Blast: Featuring Bomberman*!,Wario Blast: Featuring Bomberman*!,https://www.imdb.com/title/tt3495808/,Video Game,6.1,,1994,"Action, Family",27,11/24/1994,Norio Ookubo
42,tt0298610,4/28/2024,4/28/2024,,Yoshi's Cookie,Yoshi no Cookie: Kuruppon Oven de Cookie,https://www.imdb.com/title/tt0298610/,Video Game,6,,1992,"Adventure, Family, Fantasy",104,6/24/1994,"Ryojin, Tatsuhiro Takasago, Hitoshi Yamagami, Masao Yamamoto, Toshihiko Kitazawa, Masayoshi Takatori"
49,tt0310338,4/28/2024,4/28/2024,,Wario's Woods,Wario no mori,https://www.imdb.com/title/tt0310338/,Video Game,6,,1994,"Action, Family, Fantasy",95,12/10/1994,Kenji Miki
140,tt3414760,4/28/2024,4/28/2024,,DK: King of Swing,DK: King of Swing,https://www.imdb.com/title/tt3414760/,Video Game,6,,2005,"Action, Adventure, Family, Fantasy",23,9/19/2005,"Atsushi Kaneko, Masataka Sato"
219,tt3811654,4/28/2024,4/28/2024,,Mario Party 10,Mario Party 10,https://www.imdb.com/title/tt3811654/,Video Game,6,,2015,"Adventure, Family, Fantasy",437,3/20/2015,"Kenji Kikuchi, Shuichiro Nishiya"
231,tt6043360,4/28/2024,4/28/2024,,Super Mario Run,Super Mario Run,https://www.imdb.com/title/tt6043360/,Video Game,6,,2016,"Action, Adventure, Family, Fantasy",491,12/15/2016,Takashi Tezuka
59,tt0472540,4/28/2024,4/28/2024,,Mario's Tennis,Mario's Tennis,https://www.imdb.com/title/tt0472540/,Video Game,5.9,,1995,Sport,44,8/14/1995,"Hitoshi Yamagami, Masao Yamamoto"
70,tt2210126,4/28/2024,4/28/2024,,Picross 2,Picross 2,https://www.imdb.com/title/tt2210126/,Video Game,5.9,,1996,Adventure,14,10/19/1996,Tsunekazu Ishihara
139,tt0476968,4/28/2024,4/28/2024,,Yoshi: Touch & Go,Kyacchi! Tatchi! Yosshî,https://www.imdb.com/title/tt0476968/,Video Game,5.9,,2005,Action,59,3/14/2005,Hiroyuki Kimura
200,tt2727092,4/28/2024,4/28/2024,,Game & Wario,Gêmu & Wario,https://www.imdb.com/title/tt2727092/,Video Game,5.9,,2013,"Action, Comedy",56,6/23/2013,"Goro Abe, Naoko Mori"
227,tt4686006,4/28/2024,4/28/2024,,Mario & Sonic at the Rio 2016 Olympic Games,Mario & Sonic at the Rio 2016 Olympic Games,https://www.imdb.com/title/tt4686006/,Video Game,5.9,,2016,Sport,127,2/18/2016,"Eigo Kasahara, Hiroshi Miyamoto"
221,tt9287012,4/28/2024,4/28/2024,,Dr. Mario: Miracle Cure,Dr. Mario: Miracle Cure,https://www.imdb.com/title/tt9287012/,Video Game,5.8,,2015,Adventure,17,6/11/2015,
268,tt32321266,6/22/2024,6/22/2024,,Nintendo World Championships: NES Edition,Nintendo World Championships: NES Edition,https://www.imdb.com/title/tt32321266/,Video Game,5.8,,2024,Family,15,7/18/2024,
4,tt0186035,4/28/2024,4/28/2024,,Donkey Kong 3,Donkey Kong 3,https://www.imdb.com/title/tt0186035/,Video Game,5.7,,1983,"Action, Family",235,11/19/1983,Shigeru Miyamoto
78,tt2200066,4/28/2024,4/28/2024,,Wrecking Crew '98,Wrecking Crew '98,https://www.imdb.com/title/tt2200066/,Video Game,5.7,,1998,"Action, Family",18,4/12/2024,Eiko Takahashi
142,tt3463452,4/28/2024,4/28/2024,,Donkey Konga 3: Tabe-houdai! Haru Mogitate 50 Kyoku,Donkey Konga 3: Tabe-houdai! Haru Mogitate 50 Kyoku,https://www.imdb.com/title/tt3463452/,Video Game,5.7,,2005,"Family, Music",15,3/17/2005,Hiroyuki Onoda
172,tt3187128,4/28/2024,4/28/2024,,Dr. Mario Online Rx,Dr. Mario & saikin bokumetsu,https://www.imdb.com/title/tt3187128/,Video Game,5.7,,2008,Action,25,5/26/2008,"Hiroyasu Hashidate, Hori Takamasa, Kazuki Yoshihara"
176,tt3396300,4/28/2024,4/28/2024,,Dr. Mario Express,Dr. Mario Express,https://www.imdb.com/title/tt3396300/,Video Game,5.7,,2008,"Family, Musical",26,4/20/2009,
207,tt3313036,4/28/2024,4/28/2024,,Mario Party: Island Tour,Mario Party: Island Tour,https://www.imdb.com/title/tt3313036/,Video Game,5.7,,2013,"Adventure, Family, Fantasy",414,11/22/2013,"Kenji Kikuchi, Yukio Umematsu"
209,tt3473846,4/28/2024,4/28/2024,,Dr. Luigi,Dr. Luigi,https://www.imdb.com/title/tt3473846/,Video Game,5.7,,2013,,22,12/31/2013,"Takao Nakano, Tomoko Nakayama, Daiki Sasaki"
36,tt3389762,4/28/2024,4/28/2024,,Yoshi,Yoshi,https://www.imdb.com/title/tt3389762/,Video Game,5.6,,1991,"Family, Fantasy",135,6/1/1992,
45,tt3501984,4/28/2024,4/28/2024,,Yoshi's Safari,Yoshi No Road Hunting,https://www.imdb.com/title/tt3501984/,Video Game,5.6,,1993,"Action, Adventure, Family, Fantasy",35,9/23/1993,
212,tt9465278,4/28/2024,4/28/2024,,NES Remix 2,NES Remix 2,https://www.imdb.com/title/tt9465278/,Video Game,5.6,,2014,Action,12,4/25/2014,Koichi Hayashida
33,tt0302839,4/28/2024,4/28/2024,,NES Open Tournament Golf,Mario Open Golf,https://www.imdb.com/title/tt0302839/,Video Game,5.5,,1991,"Family, Sport",65,1991-09,Kenji Miki
35,tt0481949,4/28/2024,4/28/2024,,Mario Teaches Typing,Mario Teaches Typing,https://www.imdb.com/title/tt0481949/,Video Game,5.5,,1991,"Adventure, Family",62,11/13/1991,
127,tt3426146,4/28/2024,4/28/2024,,Donkey Konga 2,Donkey Konga 2,https://www.imdb.com/title/tt3426146/,Video Game,5.5,,2004,"Family, Fantasy, Music",34,5/9/2005,
205,tt2959678,4/28/2024,4/28/2024,,Mario & Sonic at the Sochi 2014 Olympic Winter Games,Mario & Sonic at the Sochi 2014 Olympic Winter Games,https://www.imdb.com/title/tt2959678/,Video Game,5.5,,2013,"Family, Sport",142,11/15/2013,Hiroshi Miyamoto
247,tt10585236,4/28/2024,4/28/2024,,Dr. Mario World,Dokutâ Mario Wârudo,https://www.imdb.com/title/tt10585236/,Video Game,5.5,,2019,,40,7/9/2019,
25,tt3426124,4/28/2024,4/28/2024,,Famicom Grand Prix II: 3D Hot Rally,Famicom Grand Prix II: 3D Hot Rally,https://www.imdb.com/title/tt3426124/,Video Game,5.4,,1988,Sport,12,4/14/1988,
86,tt3431398,4/28/2024,4/28/2024,,Mario Artist: Paint Studio,Mario Artist: Paint Studio,https://www.imdb.com/title/tt3431398/,Video Game,5.4,,1999,Family,18,12/11/1999,Hirofumi Matsuoka
197,tt1814824,4/28/2024,4/28/2024,,Paper Mario: Sticker Star,Pêpâ Mario: Sûpâ shîru,https://www.imdb.com/title/tt1814824/,Video Game,5.4,,2012,"Adventure, Fantasy",242,11/11/2012,"Naohiko Aoyama, Taro Kudo"
248,tt7950452,4/28/2024,4/28/2024,,Mario Kart Tour,Mario Kart Tour,https://www.imdb.com/title/tt7950452/,Video Game,5.4,,2019,"Action, Family, Sport",325,9/25/2019,"Shinya Fujiwara, Yugo Hayashi, Kosuke Yabuki"
238,tt7976578,4/28/2024,4/28/2024,,Mario Party: The Top 100,Mario Party: The Top 100,https://www.imdb.com/title/tt7976578/,Video Game,5.3,,2017,"Action, Adventure, Family",66,11/10/2017,"Tsutomu Komiyama, Shuichiro Nishiya"
11,tt3404206,4/28/2024,4/28/2024,,Mario Bros. Special,Mario Bros. Special,https://www.imdb.com/title/tt3404206/,Video Game,5.2,,1984,Action,19,1984,
80,tt3429360,4/28/2024,4/28/2024,,Mario No Photopi,Mario No Photopi,https://www.imdb.com/title/tt3429360/,Video Game,5.2,,1998,Family,8,12/2/1998,
55,tt1571573,4/28/2024,4/28/2024,,Hotel Mario,Hotel Mario,https://www.imdb.com/title/tt1571573/,Video Game,5.1,,1994,"Action, Adventure, Comedy, Fantasy, Mystery",588,4/5/1994,
9,tt0185909,4/28/2024,4/28/2024,,Baseball,Baseball,https://www.imdb.com/title/tt0185909/,Video Game,5,,1983,Sport,95,10/18/1985,
14,tt3485808,4/28/2024,4/28/2024,,Donkey Kong Hockey,Donkey Kong Hockey,https://www.imdb.com/title/tt3485808/,Video Game,5,,1984,"Short, Family, Sport",19,11/13/1984,
38,tt3417424,4/28/2024,4/28/2024,,Super Mario Bros. & Friends: When I Grow Up,Super Mario Bros. & Friends: When I Grow Up,https://www.imdb.com/title/tt3417424/,Video Game,5,,1992,"Comedy, Family, Fantasy",11,3/24/1992,
98,tt3430366,4/28/2024,4/28/2024,,Mario Artist: Communication Kit,Mario Artist: Communication Kit,https://www.imdb.com/title/tt3430366/,Video Game,5,,2000,Family,9,6/29/2000,Kazunobu Eri
129,tt0416959,4/28/2024,4/28/2024,,Mario Pinball Land,Super Mario Ball,https://www.imdb.com/title/tt0416959/,Video Game,5,,2004,Fantasy,65,10/4/2004,Adrian Barritt
10,tt0186168,4/28/2024,4/28/2024,,Golf,Golf,https://www.imdb.com/title/tt0186168/,Video Game,4.9,,1984,Sport,89,10/18/1985,
224,tt5289422,4/28/2024,4/28/2024,,Mario Tennis: Ultra Smash,Mario Tennis: Ultra Smash,https://www.imdb.com/title/tt5289422/,Video Game,4.8,,2015,Sport,91,11/20/2015,Shugo Takahashi
5,tt3449548,4/28/2024,4/28/2024,,Mario's Cement Factory,Mario's Cement Factory,https://www.imdb.com/title/tt3449548/,Video Game,4.7,,1983,,18,4/28/1983,
27,tt3424542,4/28/2024,4/28/2024,,Kaette Kita Mario Bros.,Kaette Kita Mario Bros.,https://www.imdb.com/title/tt3424542/,Video Game,4.7,,1988,"Action, Comedy, Family, Fantasy",17,11/30/1988,
62,tt0461809,4/28/2024,4/28/2024,,Mario Clash,Mario Clash,https://www.imdb.com/title/tt0461809/,Video Game,4.7,,1995,"Action, Adventure",68,10/1/1995,"Hiroyuki Kimura, Tôru Ôsawa"
138,tt3496494,4/28/2024,4/28/2024,,Mario Party Advance,Mario Party Advance,https://www.imdb.com/title/tt3496494/,Video Game,4.6,,2005,"Action, Adventure, Comedy, Family, Fantasy",66,3/28/2005,Shinichi Nakata
6,tt3483388,4/28/2024,4/28/2024,,Mario's Bombs Away,Mario's Bombs Away,https://www.imdb.com/title/tt3483388/,Video Game,4.4,,1983,War,19,11/10/1983,
226,tt9287052,4/28/2024,4/28/2024,,Mini Mario & Friends: amiibo Challenge,Mini Mario & Friends: amiibo Challenge,https://www.imdb.com/title/tt9287052/,Video Game,4.4,,2016,Adventure,14,4/28/2016,Stephen Mortimer
24,tt3425360,4/28/2024,4/28/2024,,Famicom Grand Prix: F-1 Race,Famicom Grand Prix: F-1 Race,https://www.imdb.com/title/tt3425360/,Video Game,4.3,,1987,Sport,11,10/30/1987,
13,tt3485788,4/28/2024,4/28/2024,,Donkey Kong Circus,Donkey Kong Circus,https://www.imdb.com/title/tt3485788/,Video Game,4.2,,1984,"Action, Family",14,9/6/1984,
7,tt3456378,4/28/2024,4/28/2024,,Donkey Kong Jr./Jr. Sansû Lesson,Donkey Kong Jr./Jr. Sansû Lesson,https://www.imdb.com/title/tt3456378/,Video Game,4.1,,1983,Family,18,1983,
34,tt3488322,4/28/2024,4/28/2024,,Mario the Juggler,Mario the Juggler,https://www.imdb.com/title/tt3488322/,Video Game,4,,1991,Family,11,10/14/1991,
43,tt0221381,4/28/2024,4/28/2024,,Mario Is Missing!,Mario Is Missing!,https://www.imdb.com/title/tt0221381/,Video Game,4,,1992,"Adventure, Family",238,1992,Jon Mandel
56,tt3442060,4/28/2024,4/28/2024,,UNDAKE30 Same Game Daisakusen Mario Version,UNDAKE30 Same Game Daisakusen Mario Version,https://www.imdb.com/title/tt3442060/,Video Game,4,,1995,,8,1/16/1995,
47,tt0290754,4/28/2024,4/28/2024,,Mario's Time Machine,Mario's Time Machine,https://www.imdb.com/title/tt0290754/,Video Game,3.8,,1993,"Action, Adventure, Family",90,1993-12,Henrik Markarian
22,tt3424596,4/28/2024,4/28/2024,,Golf: Japan Course,Golf: Japan Course,https://www.imdb.com/title/tt3424596/,Video Game,3.6,,1987,Sport,9,2/21/1987,Kenji Miki
177,tt2120853,4/28/2024,4/28/2024,,WarioWare: Snapped!,Utsusu meido in Wario,https://www.imdb.com/title/tt2120853/,Video Game,3.5,,2008,,26,4/5/2009,"Naoko Mori, Taku Sugioka"
71,tt3089776,4/28/2024,4/28/2024,,Mario Teaches Typing 2,Mario Teaches Typing 2,https://www.imdb.com/title/tt3089776/,Video Game,3.4,,1996,"Adventure, Family",39,10/31/1996,
23,tt3425338,4/28/2024,4/28/2024,,Golf: U.S. Course,Golf: U.S. Course,https://www.imdb.com/title/tt3425338/,Video Game,3.2,,1987,Sport,14,6/14/1987,Kenji Miki
32,tt3468460,4/28/2024,4/28/2024,,Mario Roulette,Mario Roulette,https://www.imdb.com/title/tt3468460/,Video Game,3,,1991,"Family, Fantasy",6,1991,
20,tt3422316,4/28/2024,4/28/2024,,I Am a Teacher: Super Mario No Sweater,I Am a Teacher: Super Mario No Sweater,https://www.imdb.com/title/tt3422316/,Video Game,2.9,,1986,Family,19,1986,
52,tt2227980,4/28/2024,4/28/2024,,Mario's Early Years! Fun with Numbers,Mario's Early Years! Fun with Numbers,https://www.imdb.com/title/tt2227980/,Video Game,2.7,,1994,Family,45,1994-09,"Andrew Iverson, Henrik Markarian"
53,tt2255452,4/28/2024,4/28/2024,,Mario's Early Years! Preschool Fun,Mario's Early Years! Preschool Fun,https://www.imdb.com/title/tt2255452/,Video Game,2.5,,1994,Family,47,1994-11,Peter Lipson
51,tt2263828,4/28/2024,4/28/2024,,Mario's Early Years! Fun with Letters,Mario's Early Years! Fun with Letters,https://www.imdb.com/title/tt2263828/,Video Game,2.4,,1994,Family,41,1994-10,"Andrew Iverson, Henrik Markarian"
